Symbol,Price Level,Note,Foreground Color,Background Color,Text Alignment,Diameter,Draw Note Price Horizontal Line
SPY.NYSE@BMD,750,CALL 750.0,#FFFFFF,#008000,center,1,TRUE
SPY.NYSE@BMD,743,PUT 743.0,#FFFFFF,#8B0000,center,1,TRUE
SPY.NYSE@BMD,749.24,ZERO GAMMA,#FFFFFF,#9370DB,center,1,TRUE
SPY.NYSE@BMD,749.08,SPOT 749.1,#000000,#FFFF00,center,1,TRUE
SPY.NYSE@BMD,749.24,NET GEX 3993.6,#000000,#FFA500,center,1,FALSE
ESM6.CME@BMD,7531.94,CALL (SPY) 7531.9,#FFFFFF,#008000,center,1,TRUE
ESM6.CME@BMD,7461.64,PUT (SPY) 7461.6,#FFFFFF,#8B0000,center,1,TRUE
ESM6.CME@BMD,7524.31,ZERO GAMMA (SPY),#FFFFFF,#9370DB,center,1,TRUE
ESM6.CME@BMD,7522.7,SPOT (SPY) 7522.7,#000000,#FFFF00,center,1,TRUE
ESM6.CME@TM.Lite,7531.94,CALL (SPY) 7531.9,#FFFFFF,#008000,center,1,TRUE
ESM6.CME@TM.Lite,7461.64,PUT (SPY) 7461.6,#FFFFFF,#8B0000,center,1,TRUE
ESM6.CME@TM.Lite,7524.31,ZERO GAMMA (SPY),#FFFFFF,#9370DB,center,1,TRUE
ESM6.CME@TM.Lite,7522.7,SPOT (SPY) 7522.7,#000000,#FFFF00,center,1,TRUE
SPY.NYSE@BMD,749,GEX now +8106,#000000,#00BFFF,center,1,TRUE
ESM6.CME@BMD,7521.9,GEX now (SPY) +8106,#000000,#00BFFF,center,1,TRUE
ESM6.CME@TM.Lite,7521.9,GEX now (SPY) +8106,#000000,#00BFFF,center,1,TRUE
SPY.NYSE@BMD,749,GEX 1m +8238,#000000,#00BFFF,center,1,TRUE
ESM6.CME@BMD,7521.9,GEX 1m (SPY) +8238,#000000,#00BFFF,center,1,TRUE
ESM6.CME@TM.Lite,7521.9,GEX 1m (SPY) +8238,#000000,#00BFFF,center,1,TRUE
SPY.NYSE@BMD,751,GEX 5m -7290,#FFFFFF,#FF6600,center,1,TRUE
ESM6.CME@BMD,7541.98,GEX 5m (SPY) -7290,#FFFFFF,#FF6600,center,1,TRUE
ESM6.CME@TM.Lite,7541.98,GEX 5m (SPY) -7290,#FFFFFF,#FF6600,center,1,TRUE
SPY.NYSE@BMD,749,GEX 10m +4784,#000000,#00BFFF,center,1,TRUE
ESM6.CME@BMD,7521.9,GEX 10m (SPY) +4784,#000000,#00BFFF,center,1,TRUE
ESM6.CME@TM.Lite,7521.9,GEX 10m (SPY) +4784,#000000,#00BFFF,center,1,TRUE
SPY.NYSE@BMD,749,GEX 15m +4551,#000000,#00BFFF,center,1,TRUE
ESM6.CME@BMD,7521.9,GEX 15m (SPY) +4551,#000000,#00BFFF,center,1,TRUE
ESM6.CME@TM.Lite,7521.9,GEX 15m (SPY) +4551,#000000,#00BFFF,center,1,TRUE
SPY.NYSE@BMD,751,GEX 30m -10396,#FFFFFF,#FF6600,center,1,TRUE
ESM6.CME@BMD,7541.98,GEX 30m (SPY) -10396,#FFFFFF,#FF6600,center,1,TRUE
ESM6.CME@TM.Lite,7541.98,GEX 30m (SPY) -10396,#FFFFFF,#FF6600,center,1,TRUE
QQQ.NASDAQ@BMD,729.98,CALL 730.0,#FFFFFF,#008000,center,1,TRUE
QQQ.NASDAQ@BMD,710,PUT 710.0,#FFFFFF,#8B0000,center,1,TRUE
QQQ.NASDAQ@BMD,727.1,ZERO GAMMA,#FFFFFF,#9370DB,center,1,TRUE
QQQ.NASDAQ@BMD,728.61,SPOT 728.6,#000000,#FFFF00,center,1,TRUE
QQQ.NASDAQ@BMD,727.1,NET GEX 1350.0,#000000,#FFA500,center,1,FALSE
NQM6.CME@BMD,30057.91,CALL (QQQ) 30057.9,#FFFFFF,#008000,center,1,TRUE
NQM6.CME@BMD,29235.21,PUT (QQQ) 29235.2,#FFFFFF,#8B0000,center,1,TRUE
NQM6.CME@BMD,29939.32,ZERO GAMMA (QQQ),#FFFFFF,#9370DB,center,1,TRUE
NQM6.CME@BMD,30001.5,SPOT (QQQ) 30001.5,#000000,#FFFF00,center,1,TRUE
NQM6.CME@TM.Lite,30057.91,CALL (QQQ) 30057.9,#FFFFFF,#008000,center,1,TRUE
NQM6.CME@TM.Lite,29235.21,PUT (QQQ) 29235.2,#FFFFFF,#8B0000,center,1,TRUE
NQM6.CME@TM.Lite,29939.32,ZERO GAMMA (QQQ),#FFFFFF,#9370DB,center,1,TRUE
NQM6.CME@TM.Lite,30001.5,SPOT (QQQ) 30001.5,#000000,#FFFF00,center,1,TRUE
QQQ.NASDAQ@BMD,728,GEX now +4758,#000000,#00BFFF,center,1,TRUE
NQM6.CME@BMD,29976.38,GEX now (QQQ) +4758,#000000,#00BFFF,center,1,TRUE
NQM6.CME@TM.Lite,29976.38,GEX now (QQQ) +4758,#000000,#00BFFF,center,1,TRUE
QQQ.NASDAQ@BMD,728,GEX 1m +4433,#000000,#00BFFF,center,1,TRUE
NQM6.CME@BMD,29976.38,GEX 1m (QQQ) +4433,#000000,#00BFFF,center,1,TRUE
NQM6.CME@TM.Lite,29976.38,GEX 1m (QQQ) +4433,#000000,#00BFFF,center,1,TRUE
QQQ.NASDAQ@BMD,728,GEX 5m +4658,#000000,#00BFFF,center,1,TRUE
NQM6.CME@BMD,29976.38,GEX 5m (QQQ) +4658,#000000,#00BFFF,center,1,TRUE
NQM6.CME@TM.Lite,29976.38,GEX 5m (QQQ) +4658,#000000,#00BFFF,center,1,TRUE
QQQ.NASDAQ@BMD,728,GEX 10m +3820,#000000,#00BFFF,center,1,TRUE
NQM6.CME@BMD,29976.38,GEX 10m (QQQ) +3820,#000000,#00BFFF,center,1,TRUE
NQM6.CME@TM.Lite,29976.38,GEX 10m (QQQ) +3820,#000000,#00BFFF,center,1,TRUE
QQQ.NASDAQ@BMD,728,GEX 15m +3428,#000000,#00BFFF,center,1,TRUE
NQM6.CME@BMD,29976.38,GEX 15m (QQQ) +3428,#000000,#00BFFF,center,1,TRUE
NQM6.CME@TM.Lite,29976.38,GEX 15m (QQQ) +3428,#000000,#00BFFF,center,1,TRUE
QQQ.NASDAQ@BMD,728,GEX 30m +4377,#000000,#00BFFF,center,1,TRUE
NQM6.CME@BMD,29976.38,GEX 30m (QQQ) +4377,#000000,#00BFFF,center,1,TRUE
NQM6.CME@TM.Lite,29976.38,GEX 30m (QQQ) +4377,#000000,#00BFFF,center,1,TRUE
IWM.NYSE@BMD,290,CALL 290.0,#FFFFFF,#008000,center,1,TRUE
IWM.NYSE@BMD,278,PUT 278.0,#FFFFFF,#8B0000,center,1,TRUE
IWM.NYSE@BMD,289.05,ZERO GAMMA,#FFFFFF,#9370DB,center,1,TRUE
IWM.NYSE@BMD,289.59,SPOT 289.6,#000000,#FFFF00,center,1,TRUE
IWM.NYSE@BMD,289.05,NET GEX 592.6,#000000,#FFA500,center,1,FALSE
IWM.NYSE@BMD,290,GEX now +393,#000000,#00BFFF,center,1,TRUE
IWM.NYSE@BMD,290,GEX 1m -226,#FFFFFF,#FF6600,center,1,TRUE
IWM.NYSE@BMD,291,GEX 5m -467,#FFFFFF,#FF6600,center,1,TRUE
IWM.NYSE@BMD,291,GEX 10m -292,#FFFFFF,#FF6600,center,1,TRUE
IWM.NYSE@BMD,291,GEX 15m -553,#FFFFFF,#FF6600,center,1,TRUE
IWM.NYSE@BMD,291,GEX 30m -530,#FFFFFF,#FF6600,center,1,TRUE
DIA.NYSE@BMD,510,CALL 510.0,#FFFFFF,#008000,center,1,TRUE
DIA.NYSE@BMD,490,PUT 490.0,#FFFFFF,#8B0000,center,1,TRUE
DIA.NYSE@BMD,507.58,ZERO GAMMA,#FFFFFF,#9370DB,center,1,TRUE
DIA.NYSE@BMD,504.18,SPOT 504.2,#000000,#FFFF00,center,1,TRUE
DIA.NYSE@BMD,507.58,NET GEX 122.7,#000000,#FFA500,center,1,FALSE
DIA.NYSE@BMD,505,GEX now +0,#000000,#00BFFF,center,1,TRUE
DIA.NYSE@BMD,510,GEX 1m +1,#000000,#00BFFF,center,1,TRUE
DIA.NYSE@BMD,510,GEX 5m +1,#000000,#00BFFF,center,1,TRUE
DIA.NYSE@BMD,510,GEX 10m +2,#000000,#00BFFF,center,1,TRUE
DIA.NYSE@BMD,510,GEX 15m +2,#000000,#00BFFF,center,1,TRUE
DIA.NYSE@BMD,510,GEX 30m +2,#000000,#00BFFF,center,1,TRUE
SPX.IND@BMD,7500,CALL 7500.0,#FFFFFF,#008000,center,1,TRUE
SPX.IND@BMD,7490,PUT 7490.0,#FFFFFF,#8B0000,center,1,TRUE
SPX.IND@BMD,7511.61,ZERO GAMMA,#FFFFFF,#9370DB,center,1,TRUE
SPX.IND@BMD,7507.76,SPOT 7507.8,#000000,#FFFF00,center,1,TRUE
SPX.IND@BMD,7511.61,NET GEX 15418.2,#000000,#FFA500,center,1,FALSE
SPX.IND@BMD,7510,GEX now +10815,#000000,#00BFFF,center,1,TRUE
SPX.IND@BMD,7510,GEX 1m +11935,#000000,#00BFFF,center,1,TRUE
SPX.IND@BMD,7500,GEX 5m -24321,#FFFFFF,#FF6600,center,1,TRUE
SPX.IND@BMD,7500,GEX 10m -22654,#FFFFFF,#FF6600,center,1,TRUE
SPX.IND@BMD,7500,GEX 15m -26895,#FFFFFF,#FF6600,center,1,TRUE
SPX.IND@BMD,7500,GEX 30m -46336,#FFFFFF,#FF6600,center,1,TRUE
NDX.IND@BMD,29900,CALL 29900.0,#FFFFFF,#008000,center,1,TRUE
NDX.IND@BMD,29870,PUT 29870.0,#FFFFFF,#8B0000,center,1,TRUE
NDX.IND@BMD,29929.84,ZERO GAMMA,#FFFFFF,#9370DB,center,1,TRUE
NDX.IND@BMD,29934.22,SPOT 29934.2,#000000,#FFFF00,center,1,TRUE
NDX.IND@BMD,29929.84,NET GEX 2553.6,#000000,#FFA500,center,1,FALSE
NDX.IND@BMD,30000,GEX now -865,#FFFFFF,#FF6600,center,1,TRUE
NDX.IND@BMD,30000,GEX 1m -1053,#FFFFFF,#FF6600,center,1,TRUE
NDX.IND@BMD,30000,GEX 5m -2911,#FFFFFF,#FF6600,center,1,TRUE
NDX.IND@BMD,30000,GEX 10m -1888,#FFFFFF,#FF6600,center,1,TRUE
NDX.IND@BMD,30000,GEX 15m -1315,#FFFFFF,#FF6600,center,1,TRUE
NDX.IND@BMD,30000,GEX 30m -1867,#FFFFFF,#FF6600,center,1,TRUE
RUT.IND@BMD,2910,CALL 2910.0,#FFFFFF,#008000,center,1,TRUE
RUT.IND@BMD,2794.92,PUT 2794.9,#FFFFFF,#8B0000,center,1,TRUE
RUT.IND@BMD,2909.17,ZERO GAMMA,#FFFFFF,#9370DB,center,1,TRUE
RUT.IND@BMD,2912.88,SPOT 2912.9,#000000,#FFFF00,center,1,TRUE
RUT.IND@BMD,2909.17,NET GEX 266.9,#000000,#FFA500,center,1,FALSE
RUT.IND@BMD,2915,GEX now -0,#FFFFFF,#FF6600,center,1,TRUE
RUT.IND@BMD,2920,GEX 1m -55,#FFFFFF,#FF6600,center,1,TRUE
RUT.IND@BMD,2920,GEX 5m -47,#FFFFFF,#FF6600,center,1,TRUE
RUT.IND@BMD,2915,GEX 10m -93,#FFFFFF,#FF6600,center,1,TRUE
RUT.IND@BMD,2915,GEX 15m -135,#FFFFFF,#FF6600,center,1,TRUE
RUT.IND@BMD,2915,GEX 30m -142,#FFFFFF,#FF6600,center,1,TRUE
VIX.IND@BMD,42.5,CALL 42.5,#FFFFFF,#008000,center,1,TRUE
VIX.IND@BMD,39.67,PUT 39.7,#FFFFFF,#8B0000,center,1,TRUE
VIX.IND@BMD,16.1,ZERO GAMMA,#FFFFFF,#9370DB,center,1,TRUE
VIX.IND@BMD,17.1,SPOT 17.1,#000000,#FFFF00,center,1,TRUE
VIX.IND@BMD,16.1,NET GEX 2.7,#000000,#FFA500,center,1,FALSE
VIX.IND@BMD,16,GEX 5m +0,#000000,#00BFFF,center,1,TRUE
VIX.IND@BMD,16,GEX 10m +0,#000000,#00BFFF,center,1,TRUE
VIX.IND@BMD,16,GEX 15m +0,#000000,#00BFFF,center,1,TRUE
VIX.IND@BMD,18,GEX 30m +0,#000000,#00BFFF,center,1,TRUE
ESM6.CME@BMD,7515.16,CALL 7515.2,#FFFFFF,#008000,center,1,TRUE
ESM6.CME@BMD,7505.16,PUT 7505.2,#FFFFFF,#8B0000,center,1,TRUE
ESM6.CME@BMD,7526.36,ZERO GAMMA,#FFFFFF,#9370DB,center,1,TRUE
ESM6.CME@BMD,7522.7,SPOT 7522.7,#000000,#FFFF00,center,1,TRUE
ESM6.CME@BMD,7526.36,NET GEX 15480.6,#000000,#FFA500,center,1,FALSE
ESM6.CME@BMD,7525.16,GEX now +5662,#000000,#00BFFF,center,1,TRUE
ESM6.CME@BMD,7525.16,GEX 1m +19184,#000000,#00BFFF,center,1,TRUE
ESM6.CME@BMD,7535.16,GEX 5m -27588,#FFFFFF,#FF6600,center,1,TRUE
ESM6.CME@BMD,7515.16,GEX 10m -21512,#FFFFFF,#FF6600,center,1,TRUE
ESM6.CME@BMD,7515.16,GEX 15m -28609,#FFFFFF,#FF6600,center,1,TRUE
ESM6.CME@BMD,7515.16,GEX 30m -50907,#FFFFFF,#FF6600,center,1,TRUE
NQM6.CME@BMD,29969.65,CALL 29969.7,#FFFFFF,#008000,center,1,TRUE
NQM6.CME@BMD,29939.65,PUT 29939.7,#FFFFFF,#8B0000,center,1,TRUE
NQM6.CME@BMD,29999.49,ZERO GAMMA,#FFFFFF,#9370DB,center,1,TRUE
NQM6.CME@BMD,30001.5,SPOT 30001.5,#000000,#FFFF00,center,1,TRUE
NQM6.CME@BMD,29999.49,NET GEX 2552.6,#000000,#FFA500,center,1,FALSE
NQM6.CME@BMD,29969.65,GEX now -706,#FFFFFF,#FF6600,center,1,TRUE
NQM6.CME@BMD,30069.65,GEX 1m -697,#FFFFFF,#FF6600,center,1,TRUE
NQM6.CME@BMD,30069.65,GEX 5m -2911,#FFFFFF,#FF6600,center,1,TRUE
NQM6.CME@BMD,30069.65,GEX 10m -1888,#FFFFFF,#FF6600,center,1,TRUE
NQM6.CME@BMD,30069.65,GEX 15m -1316,#FFFFFF,#FF6600,center,1,TRUE
NQM6.CME@BMD,30069.65,GEX 30m -1869,#FFFFFF,#FF6600,center,1,TRUE
NVDA.NASDAQ@BMD,222.54,CALL 222.5,#FFFFFF,#008000,center,1,TRUE
NVDA.NASDAQ@BMD,212.5,PUT 212.5,#FFFFFF,#8B0000,center,1,TRUE
NVDA.NASDAQ@BMD,213.98,ZERO GAMMA,#FFFFFF,#9370DB,center,1,TRUE
NVDA.NASDAQ@BMD,213.17,SPOT 213.2,#000000,#FFFF00,center,1,TRUE
NVDA.NASDAQ@BMD,213.98,NET GEX -109.9,#000000,#FFA500,center,1,FALSE
NVDA.NASDAQ@BMD,215,GEX now +117,#000000,#00BFFF,center,1,TRUE
NVDA.NASDAQ@BMD,212.5,GEX 1m -139,#FFFFFF,#FF6600,center,1,TRUE
NVDA.NASDAQ@BMD,215,GEX 5m -266,#FFFFFF,#FF6600,center,1,TRUE
NVDA.NASDAQ@BMD,215,GEX 10m -61,#FFFFFF,#FF6600,center,1,TRUE
NVDA.NASDAQ@BMD,215,GEX 15m -215,#FFFFFF,#FF6600,center,1,TRUE
NVDA.NASDAQ@BMD,215,GEX 30m -466,#FFFFFF,#FF6600,center,1,TRUE
TSLA.NASDAQ@BMD,430,CALL 430.0,#FFFFFF,#008000,center,1,TRUE
TSLA.NASDAQ@BMD,425,PUT 425.0,#FFFFFF,#8B0000,center,1,TRUE
TSLA.NASDAQ@BMD,428.1,ZERO GAMMA,#FFFFFF,#9370DB,center,1,TRUE
TSLA.NASDAQ@BMD,431.91,SPOT 431.9,#000000,#FFFF00,center,1,TRUE
TSLA.NASDAQ@BMD,428.1,NET GEX 197.3,#000000,#FFA500,center,1,FALSE
TSLA.NASDAQ@BMD,432.5,GEX now -546,#FFFFFF,#FF6600,center,1,TRUE
TSLA.NASDAQ@BMD,432.5,GEX 1m +213,#000000,#00BFFF,center,1,TRUE
TSLA.NASDAQ@BMD,435,GEX 5m -1567,#FFFFFF,#FF6600,center,1,TRUE
TSLA.NASDAQ@BMD,435,GEX 10m -1199,#FFFFFF,#FF6600,center,1,TRUE
TSLA.NASDAQ@BMD,435,GEX 15m -2749,#FFFFFF,#FF6600,center,1,TRUE
TSLA.NASDAQ@BMD,435,GEX 30m -1108,#FFFFFF,#FF6600,center,1,TRUE
AAPL.NASDAQ@BMD,310,CALL 310.0,#FFFFFF,#008000,center,1,TRUE
AAPL.NASDAQ@BMD,300,PUT 300.0,#FFFFFF,#8B0000,center,1,TRUE
AAPL.NASDAQ@BMD,307.75,ZERO GAMMA,#FFFFFF,#9370DB,center,1,TRUE
AAPL.NASDAQ@BMD,309.1,SPOT 309.1,#000000,#FFFF00,center,1,TRUE
AAPL.NASDAQ@BMD,307.75,NET GEX 177.2,#000000,#FFA500,center,1,FALSE
AAPL.NASDAQ@BMD,310,GEX now -86,#FFFFFF,#FF6600,center,1,TRUE
AAPL.NASDAQ@BMD,310,GEX 1m -38,#FFFFFF,#FF6600,center,1,TRUE
AAPL.NASDAQ@BMD,310,GEX 5m -171,#FFFFFF,#FF6600,center,1,TRUE
AAPL.NASDAQ@BMD,310,GEX 10m -442,#FFFFFF,#FF6600,center,1,TRUE
AAPL.NASDAQ@BMD,310,GEX 15m -331,#FFFFFF,#FF6600,center,1,TRUE
AAPL.NASDAQ@BMD,310,GEX 30m -447,#FFFFFF,#FF6600,center,1,TRUE
MSFT.NASDAQ@BMD,420,CALL 420.0,#FFFFFF,#008000,center,1,TRUE
MSFT.NASDAQ@BMD,415,PUT 415.0,#FFFFFF,#8B0000,center,1,TRUE
MSFT.NASDAQ@BMD,413.1,ZERO GAMMA,#FFFFFF,#9370DB,center,1,TRUE
MSFT.NASDAQ@BMD,414.73,SPOT 414.7,#000000,#FFFF00,center,1,TRUE
MSFT.NASDAQ@BMD,413.1,NET GEX -37.8,#000000,#FFA500,center,1,FALSE
MSFT.NASDAQ@BMD,415,GEX now -173,#FFFFFF,#FF6600,center,1,TRUE
MSFT.NASDAQ@BMD,415,GEX 1m -488,#FFFFFF,#FF6600,center,1,TRUE
MSFT.NASDAQ@BMD,417.5,GEX 5m -290,#FFFFFF,#FF6600,center,1,TRUE
MSFT.NASDAQ@BMD,417.5,GEX 10m -304,#FFFFFF,#FF6600,center,1,TRUE
MSFT.NASDAQ@BMD,417.5,GEX 15m -190,#FFFFFF,#FF6600,center,1,TRUE
MSFT.NASDAQ@BMD,417.5,GEX 30m -265,#FFFFFF,#FF6600,center,1,TRUE
AMZN.NASDAQ@BMD,262.5,CALL 262.5,#FFFFFF,#008000,center,1,TRUE
AMZN.NASDAQ@BMD,260,PUT 260.0,#FFFFFF,#8B0000,center,1,TRUE
AMZN.NASDAQ@BMD,264.59,ZERO GAMMA,#FFFFFF,#9370DB,center,1,TRUE
AMZN.NASDAQ@BMD,262.89,SPOT 262.9,#000000,#FFFF00,center,1,TRUE
AMZN.NASDAQ@BMD,264.59,NET GEX 13.9,#000000,#FFA500,center,1,FALSE
AMZN.NASDAQ@BMD,265,GEX now -49,#FFFFFF,#FF6600,center,1,TRUE
AMZN.NASDAQ@BMD,265,GEX 1m -75,#FFFFFF,#FF6600,center,1,TRUE
AMZN.NASDAQ@BMD,262.5,GEX 5m -51,#FFFFFF,#FF6600,center,1,TRUE
AMZN.NASDAQ@BMD,262.5,GEX 10m -24,#FFFFFF,#FF6600,center,1,TRUE
AMZN.NASDAQ@BMD,265,GEX 15m -89,#FFFFFF,#FF6600,center,1,TRUE
AMZN.NASDAQ@BMD,265,GEX 30m -72,#FFFFFF,#FF6600,center,1,TRUE
META.NASDAQ@BMD,610,CALL 610.0,#FFFFFF,#008000,center,1,TRUE
META.NASDAQ@BMD,607.5,PUT 607.5,#FFFFFF,#8B0000,center,1,TRUE
META.NASDAQ@BMD,605.13,ZERO GAMMA,#FFFFFF,#9370DB,center,1,TRUE
META.NASDAQ@BMD,609.07,SPOT 609.1,#000000,#FFFF00,center,1,TRUE
META.NASDAQ@BMD,605.13,NET GEX 148.5,#000000,#FFA500,center,1,FALSE
META.NASDAQ@BMD,610,GEX now -75,#FFFFFF,#FF6600,center,1,TRUE
META.NASDAQ@BMD,615,GEX 1m -134,#FFFFFF,#FF6600,center,1,TRUE
META.NASDAQ@BMD,607.5,GEX 5m +322,#000000,#00BFFF,center,1,TRUE
META.NASDAQ@BMD,612.5,GEX 10m -345,#FFFFFF,#FF6600,center,1,TRUE
META.NASDAQ@BMD,607.5,GEX 15m +220,#000000,#00BFFF,center,1,TRUE
META.NASDAQ@BMD,607.5,GEX 30m +484,#000000,#00BFFF,center,1,TRUE
GOOGL.NASDAQ@BMD,387.5,CALL 387.5,#FFFFFF,#008000,center,1,TRUE
GOOGL.NASDAQ@BMD,377.5,PUT 377.5,#FFFFFF,#8B0000,center,1,TRUE
GOOGL.NASDAQ@BMD,383.1,ZERO GAMMA,#FFFFFF,#9370DB,center,1,TRUE
GOOGL.NASDAQ@BMD,385.95,SPOT 385.9,#000000,#FFFF00,center,1,TRUE
GOOGL.NASDAQ@BMD,383.1,NET GEX 67.6,#000000,#FFA500,center,1,FALSE
GOOGL.NASDAQ@BMD,387.5,GEX now +34,#000000,#00BFFF,center,1,TRUE
GOOGL.NASDAQ@BMD,387.5,GEX 1m -111,#FFFFFF,#FF6600,center,1,TRUE
GOOGL.NASDAQ@BMD,387.5,GEX 5m -66,#FFFFFF,#FF6600,center,1,TRUE
GOOGL.NASDAQ@BMD,387.5,GEX 10m -93,#FFFFFF,#FF6600,center,1,TRUE
GOOGL.NASDAQ@BMD,385,GEX 15m +25,#000000,#00BFFF,center,1,TRUE
GOOGL.NASDAQ@BMD,387.5,GEX 30m -99,#FFFFFF,#FF6600,center,1,TRUE
AMD.NASDAQ@BMD,500,CALL 500.0,#FFFFFF,#008000,center,1,TRUE
AMD.NASDAQ@BMD,435,PUT 435.0,#FFFFFF,#8B0000,center,1,TRUE
AMD.NASDAQ@BMD,487.5,ZERO GAMMA,#FFFFFF,#9370DB,center,1,TRUE
AMD.NASDAQ@BMD,499.31,SPOT 499.3,#000000,#FFFF00,center,1,TRUE
AMD.NASDAQ@BMD,487.5,NET GEX 121.8,#000000,#FFA500,center,1,FALSE
AMD.NASDAQ@BMD,500,GEX now -1,#FFFFFF,#FF6600,center,1,TRUE
AMD.NASDAQ@BMD,500,GEX 1m -1,#FFFFFF,#FF6600,center,1,TRUE
AMD.NASDAQ@BMD,550,GEX 5m +1,#000000,#00BFFF,center,1,TRUE
AMD.NASDAQ@BMD,550,GEX 10m +1,#000000,#00BFFF,center,1,TRUE
AMD.NASDAQ@BMD,550,GEX 15m +1,#000000,#00BFFF,center,1,TRUE
AMD.NASDAQ@BMD,540,GEX 30m +3,#000000,#00BFFF,center,1,TRUE
AVGO.NASDAQ@BMD,415,CALL 415.0,#FFFFFF,#008000,center,1,TRUE
AVGO.NASDAQ@BMD,422.5,PUT 422.5,#FFFFFF,#8B0000,center,1,TRUE
AVGO.NASDAQ@BMD,421.25,ZERO GAMMA,#FFFFFF,#9370DB,center,1,TRUE
AVGO.NASDAQ@BMD,422.07,SPOT 422.1,#000000,#FFFF00,center,1,TRUE
AVGO.NASDAQ@BMD,421.25,NET GEX -13.2,#000000,#FFA500,center,1,FALSE
AVGO.NASDAQ@BMD,422.5,GEX now +8,#000000,#00BFFF,center,1,TRUE
AVGO.NASDAQ@BMD,425,GEX 1m -30,#FFFFFF,#FF6600,center,1,TRUE
AVGO.NASDAQ@BMD,430,GEX 5m -8,#FFFFFF,#FF6600,center,1,TRUE
AVGO.NASDAQ@BMD,422.5,GEX 10m +8,#000000,#00BFFF,center,1,TRUE
AVGO.NASDAQ@BMD,430,GEX 15m -16,#FFFFFF,#FF6600,center,1,TRUE
AVGO.NASDAQ@BMD,425,GEX 30m +15,#000000,#00BFFF,center,1,TRUE
PLTR.NYSE@BMD,140,CALL 140.0,#FFFFFF,#008000,center,1,TRUE
PLTR.NYSE@BMD,130,PUT 130.0,#FFFFFF,#8B0000,center,1,TRUE
PLTR.NYSE@BMD,134.5,ZERO GAMMA,#FFFFFF,#9370DB,center,1,TRUE
PLTR.NYSE@BMD,136.65,SPOT 136.7,#000000,#FFFF00,center,1,TRUE
PLTR.NYSE@BMD,134.5,NET GEX 50.6,#000000,#FFA500,center,1,FALSE
PLTR.NYSE@BMD,145,GEX now +0,#000000,#00BFFF,center,1,TRUE
PLTR.NYSE@BMD,145,GEX 1m +0,#000000,#00BFFF,center,1,TRUE
PLTR.NYSE@BMD,135,GEX 5m -0,#FFFFFF,#FF6600,center,1,TRUE
PLTR.NYSE@BMD,145,GEX 10m -0,#FFFFFF,#FF6600,center,1,TRUE
PLTR.NYSE@BMD,145,GEX 15m -0,#FFFFFF,#FF6600,center,1,TRUE
PLTR.NYSE@BMD,145,GEX 30m -1,#FFFFFF,#FF6600,center,1,TRUE
MSTR.NASDAQ@BMD,170,CALL 170.0,#FFFFFF,#008000,center,1,TRUE
MSTR.NASDAQ@BMD,160,PUT 160.0,#FFFFFF,#8B0000,center,1,TRUE
MSTR.NASDAQ@BMD,162.91,ZERO GAMMA,#FFFFFF,#9370DB,center,1,TRUE
MSTR.NASDAQ@BMD,159.62,SPOT 159.6,#000000,#FFFF00,center,1,TRUE
MSTR.NASDAQ@BMD,162.91,NET GEX 42.0,#000000,#FFA500,center,1,FALSE
MSTR.NASDAQ@BMD,160,GEX now +0,#000000,#00BFFF,center,1,TRUE
MSTR.NASDAQ@BMD,160,GEX 1m +0,#000000,#00BFFF,center,1,TRUE
MSTR.NASDAQ@BMD,170,GEX 5m -0,#FFFFFF,#FF6600,center,1,TRUE
MSTR.NASDAQ@BMD,170,GEX 10m -0,#FFFFFF,#FF6600,center,1,TRUE
MSTR.NASDAQ@BMD,165,GEX 15m +0,#000000,#00BFFF,center,1,TRUE
MSTR.NASDAQ@BMD,165,GEX 30m +0,#000000,#00BFFF,center,1,TRUE
COIN.NASDAQ@BMD,195,CALL 195.0,#FFFFFF,#008000,center,1,TRUE
COIN.NASDAQ@BMD,185,PUT 185.0,#FFFFFF,#8B0000,center,1,TRUE
COIN.NASDAQ@BMD,185.25,ZERO GAMMA,#FFFFFF,#9370DB,center,1,TRUE
COIN.NASDAQ@BMD,180.45,SPOT 180.4,#000000,#FFFF00,center,1,TRUE
COIN.NASDAQ@BMD,185.25,NET GEX 7.1,#000000,#FFA500,center,1,FALSE
COIN.NASDAQ@BMD,215,GEX now +0,#000000,#00BFFF,center,1,TRUE
COIN.NASDAQ@BMD,187.5,GEX 1m -0,#FFFFFF,#FF6600,center,1,TRUE
COIN.NASDAQ@BMD,185,GEX 5m +0,#000000,#00BFFF,center,1,TRUE
COIN.NASDAQ@BMD,185,GEX 10m +0,#000000,#00BFFF,center,1,TRUE
COIN.NASDAQ@BMD,170,GEX 15m -0,#FFFFFF,#FF6600,center,1,TRUE
COIN.NASDAQ@BMD,170,GEX 30m -0,#FFFFFF,#FF6600,center,1,TRUE
